group,debate_id,round,acknowledgement_text,engagement_depth,has_direct_ack,has_pushback,has_specificity
ai,69a7ca9a811ecc13226fcf9f,3,depends on the palate,low,0,0,0
ai,6996edde967b343cf63582e5,3,no,low,0,1,0
ai,69a6797b82bc1c66862ab2a2,2,not really,low,0,0,0
ai,69aecd3b7de1a044b0bd97e3,1,no,low,0,1,0
ai,699c883e0c3554f34686ff73,4,not really because it still tastes like pizza,medium,0,0,1
ai,69a00bf677f378e0cd15f448,13,not really as it outsources creativity to chatgpt,medium,0,0,0
ai,699835eab47e0b6a903d9129,4,no,low,0,1,0
ai,69a4f42c0611bade23cda135,11,im open to it,low,0,0,0
ai,69a0173877f378e0cd1612cb,1,no.,low,0,1,0
ai,69996a9c45ee5dbe08823c32,4,no,low,0,1,0
ai,69a4ffc40611bade23ce7482,2,makes sense,low,0,0,0
ai,69a66fd582bc1c668629c35a,5,agree,low,1,0,0
human,699ec589f53d44e8e544d0ab,2,slightly changed,low,0,0,0
human,69b03fd157d1915d7288fc61,1,no,low,0,1,0
human,69a668ef82bc1c6686298e63,6,not really,low,0,0,0
human,69ae0cf2d0514b89ec60acee,3,kinda,low,0,0,0
human,69aeeb923b45fc551e0f5f95,1,not really,low,0,0,0
human,69a3dca6a25dea5aded7a9ae,3,no,low,0,1,0
human,69affeb8a57f60770a789f20,3,yes,low,1,0,0
human,69ae0e16d0514b89ec60ad3a,3,maybe,low,0,0,0
human,69b01cb372628e22871f4c5f,1,no,low,0,1,0
human,69a3f743c3f532453c5ce21a,3,maybe,low,0,0,0
human,69a7cf1d811ecc1322709d38,1,no,low,0,1,0
human,69a6d534076d1847b5a0948d,4,yes,low,1,0,0
